Timestamp, WeatherStation.AirTemp (Deg_C), WeatherStation.RelHum (Percent), WeatherStation.WaterLevel (meters), WeatherStation.WindDir (degrees), WeatherStation.WindSpeed (meters/second), WeatherStation.Solar_kW (kW/m2), WeatherStation.BattV (Volts), WeatherStation.WaterTemp (deg_C), WeatherStation.PTemp_C (Deg_C), WeatherStation.Rain_Tot (mm), WeatherStation.Solar_MJ_Tot (MJ/m2), CR800_1.WaterLevel (meters), CR800_1.WaterTemp (deg_C), CR800_1.PTemp_C (Deg_C), CR800_1.BattV (Volts), CR800_2.WaterLevel (meters), CR800_2.WaterTemp (deg_C), CR800_2.PTemp_C (Deg_C), CR800_2.BattV (Volts)
2015-10-01T00:00:00-04:56,12.1599998474,85.6999969482,1.3860000372,51.0099983215,2.4379999638,0,12.5100002289,15.7399997711,13.1199998856,0,0,0.3330000043,17.3999996185,14.3199996948,13.1099996567,0.0979999974,17.9899997711,13.2299995422,13.029999733
2015-10-01T00:05:00-04:56,12.1199998856,84.9000015259,1.3860000372,0.0960000008,2.3629999161,0,12.5100002289,15.7399997711,13.0900001526,0,0,0.3330000043,17.3799991608,14.3000001907,13.1099996567,0.0979999974,17.9599990845,13.2100000381,13.029999733
2015-10-01T00:10:00-04:56,12.1300001144,84.8000030518,1.3860000372,40.1599998474,3,0,12.5100002289,15.7399997711,13.0699996948,0,0,0.3339999914,17.3600006104,14.3000001907,13.1099996567,0.0979999974,17.9400005341,13.1899995804,13.029999733
2015-10-01T00:15:00-04:56,12.1400003433,85.1999969482,1.3860000372,27.2299995422,3.128000021,0,12.4499998093,15.7399997711,13.0500001907,0,0,0.3330000043,17.3299999237,14.279999733,13.1000003815,0.0979999974,17.9200000763,13.1400003433,13.029999733
2015-10-01T00:20:00-04:56,12.1000003815,85,1.3869999647,64.6600036621,3.1380000114,0,12.529999733,15.7399997711,13.0200004578,0,0,0.3330000043,17.3099994659,14.25,13.1000003815,0.0979999974,17.8999996185,13.1199998856,13.0200004578
2015-10-01T00:25:00-04:56,12.0900001526,84.5,1.3869999647,47.1899986267,2.9049999714,0,12.529999733,15.7399997711,12.9799995422,0.2540000081,0,0.3330000043,17.2900009155,14.2100000381,13.1000003815,0.0979999974,17.8799991608,13.1199998856,13.0200004578
2015-10-01T00:30:00-04:56,12.0600004196,85,1.3869999647,49.3899993896,2.3099999428,0,12.529999733,15.7399997711,12.9799995422,0,0,0.3330000043,17.2800006866,14.1800003052,13.1000003815,0.0970000029,17.8600006104,13.0699996948,13.0200004578
2015-10-01T00:35:00-04:56,12.0699996948,85.5999984741,1.3880000114,50.0999984741,2.3250000477,0,12.5200004578,15.7399997711,12.9300003052,0,0,0.3319999874,17.2600002289,14.1599998474,13.0900001526,0.0970000029,17.8400001526,13.0500001907,13.0200004578
2015-10-01T00:40:00-04:56,12.0500001907,84.8000030518,1.3880000114,60.0499992371,3.4049999714,0,12.5200004578,15.7399997711,12.9300003052,0,0,0.3330000043,17.25,14.1300001144,13.0900001526,0.0970000029,17.8199996948,13.0200004578,13.0200004578
2015-10-01T00:45:00-04:56,12.0799999237,85,1.3890000582,34.6599998474,3.1229999065,0,12.5200004578,15.7399997711,12.9099998474,0,0,0.3319999874,17.2299995422,14.1099996567,13.0699996948,0.0970000029,17.7900009155,13.0200004578,13.0100002289
2015-10-01T00:50:00-04:56,12.0799999237,85.3000030518,1.3890000582,27.8500003815,2.7400000095,0,12.5100002289,15.7399997711,12.8800001144,0,0,0.3330000043,17.2099990845,14.1099996567,13.0799999237,0.0970000029,17.7700004578,12.9799995422,13.0100002289
2015-10-01T00:55:00-04:56,12.0699996948,85.1999969482,1.3890000582,53.4799995422,2.7699999809,0,12.5200004578,15.7399997711,12.8599996567,0,0,0.3330000043,17.1900005341,14.0900001526,13.0799999237,0.0970000029,17.75,12.9799995422,13
2015-10-01T01:00:00-04:56,12.0799999237,84.5,1.3899999857,46.1399993896,3.1900000572,0,12.5100002289,15.7399997711,12.8400001526,0,0,0.3330000043,17.1700000763,14.0600004196,13.0799999237,0.0970000029,17.7299995422,12.9499998093,13
2015-10-01T01:05:00-04:56,12.0600004196,84.9000015259,1.3899999857,39.2799987793,2.7999999523,0,12.4300003052,15.7399997711,12.8400001526,0,0,0.3330000043,17.1499996185,14.0600004196,13.0799999237,0.0970000029,17.7099990845,12.9300003052,13
2015-10-01T01:10:00-04:56,12.0500001907,84.4000015259,1.3910000324,46.2599983215,2.6700000763,0,12.5100002289,15.7399997711,12.8100004196,0,0,0.3319999874,17.1299991608,14.0399999619,13.0699996948,0.0970000029,17.6900005341,12.9099998474,13
2015-10-01T01:15:00-04:56,12.0699996948,84.1999969482,1.3910000324,50.4199981689,2.5199999809,0,12.5200004578,15.7399997711,12.7899999619,0,0,0.3319999874,17.1100006104,14.0100002289,13.0699996948,0.0970000029,17.6700000763,12.9099998474,12.9899997711
2015-10-01T01:20:00-04:56,12.029999733,83.9000015259,1.3910000324,29.6900005341,3.0480000973,0,12.5100002289,15.7399997711,12.7899999619,0,0,0.3330000043,17.1000003815,14.0100002289,13.0600004196,0.0970000029,17.6499996185,12.8800001144,12.970000267
2015-10-01T01:25:00-04:56,12.0399999619,84,1.39199996,49.1199989319,3.4100000858,0,12.5100002289,15.7399997711,12.7700004578,0,0,0.3319999874,17.0799999237,13.9899997711,13.0699996948,0.0960000008,17.6299991608,12.8800001144,12.9899997711
2015-10-01T01:30:00-04:56,12.0399999619,83.9000015259,1.3930000067,26.1299991608,3.6530001164,0,12.5100002289,15.7399997711,12.7700004578,0,0,0.3330000043,17.0699996948,13.970000267,13.0600004196,0.0960000008,17.6100006104,12.8599996567,12.9799995422
2015-10-01T01:35:00-04:56,12.0200004578,83.9000015259,1.3930000067,49.5800018311,3.1380000114,0,12.5100002289,15.7299995422,12.7399997711,0,0,0.3330000043,17.0400009155,13.970000267,13.0600004196,0.0960000008,17.5900001526,12.8400001526,12.9799995422
2015-10-01T01:40:00-04:56,11.9799995422,83.4000015259,1.3930000067,24.6000003815,3.1480000019,0,12.4799995422,15.7299995422,12.7399997711,0,0,0.3319999874,17.0300006866,13.9399995804,13.0600004196,0.0960000008,17.5699996948,12.8400001526,12.9799995422
2015-10-01T01:45:00-04:56,11.970000267,83.5,1.3940000534,58.1399993896,3.0050001144,0,12.470000267,15.7299995422,12.720000267,0,0,0.3319999874,17.0100002289,13.9200000763,13.0600004196,0.0960000008,17.5499992371,12.8100004196,12.9799995422
2015-10-01T01:50:00-04:56,11.9499998093,82.9000015259,1.3940000534,79.75,2.2750000954,0,12.3800001144,15.7299995422,12.720000267,0,0,0.3319999874,16.9899997711,13.9200000763,13.0600004196,0.0960000008,17.5300006866,12.7899999619,12.9799995422
2015-10-01T01:55:00-04:56,11.9600000381,82.5999984741,1.3940000534,33.1300010681,3.2200000286,0,12.4899997711,15.7299995422,12.6999998093,0,0,0.3319999874,16.9799995422,13.8999996185,13.0500001907,0.0949999988,17.5100002289,12.7899999619,12.970000267
2015-10-01T02:00:00-04:56,11.9399995804,82.3000030518,1.3940000534,22.6399993896,2.9530000687,0,12.4899997711,15.7399997711,12.6700000763,0,0,0.3330000043,16.9599990845,13.8699998856,13.0500001907,0.0949999988,17.4899997711,12.7700004578,12.970000267
2015-10-01T02:05:00-04:56,11.970000267,83.0999984741,1.3949999809,14.6099996567,3.6129999161,0,12.4899997711,15.7299995422,12.6700000763,0,0,0.3319999874,16.9400005341,13.8500003815,13.0500001907,0.0960000008,17.4699993134,12.7399997711,12.970000267
2015-10-01T02:10:00-04:56,11.9499998093,83,1.3940000534,49.2400016785,2.4800000191,0,12.5100002289,15.7299995422,12.6499996185,0,0,0.3319999874,16.9200000763,13.8500003815,13.0500001907,0.0949999988,17.4500007629,12.7399997711,12.970000267
2015-10-01T02:15:00-04:56,11.8900003433,82.4000015259,1.3949999809,47.2799987793,3.5350000858,0,12.5100002289,15.7299995422,12.6300001144,0,0,0.3330000043,16.8999996185,13.8199996948,13.0500001907,0.0949999988,17.4300003052,12.720000267,12.970000267
2015-10-01T02:20:00-04:56,11.8599996567,83,1.3960000277,43.9599990845,2.8429999352,0,12.5100002289,15.7299995422,12.6300001144,0.2540000081,0,0.3319999874,16.8899993896,13.8000001907,13.0399999619,0.0949999988,17.4099998474,12.6999998093,12.9600000381
2015-10-01T02:25:00-04:56,11.8599996567,82.5999984741,1.3960000277,45.0400009155,2.7679998875,0,12.4899997711,15.7299995422,12.6000003815,0,0,0.3319999874,16.8700008392,13.779999733,13.0399999619,0.0949999988,17.3899993896,12.6999998093,12.9600000381
2015-10-01T02:30:00-04:56,11.8199996948,82.5999984741,1.3960000277,30.9799995422,2.3629999161,0,12.5,15.7299995422,12.5799999237,0,0,0.3319999874,16.8500003815,13.779999733,13.0399999619,0.0949999988,17.3700008392,12.6499996185,12.9499998093
2015-10-01T02:35:00-04:56,11.8299999237,82.1999969482,1.3969999552,18.6000003815,2.8350000382,0,12.5,15.7299995422,12.5799999237,0,0,0.3319999874,16.7900009155,13.75,13.0399999619,0.0949999988,17.3500003815,12.6300001144,12.9499998093
2015-10-01T02:40:00-04:56,11.7899999619,82.5999984741,1.3969999552,35.9099998474,2.1050000191,0,12.4799995422,15.7299995422,12.5600004196,0,0,0.3330000043,16.8099994659,13.7299995422,13.0399999619,0.0949999988,17.3299999237,12.6300001144,12.9399995804
2015-10-01T02:45:00-04:56,11.7700004578,82.3000030518,1.3969999552,298.100006104,2.2929999828,0,12.5,15.7299995422,12.529999733,0,0,0.3330000043,16.7900009155,13.7299995422,13.0399999619,0.0949999988,17.3099994659,12.6000003815,12.9499998093
2015-10-01T02:50:00-04:56,11.75,81.8000030518,1.3969999552,32.9399986267,2.9900000095,0,12.5,15.7299995422,12.5100002289,0,0,0.3330000043,16.7800006866,13.7100000381,13.0399999619,0.0949999988,17.2900009155,12.5799999237,12.9499998093
2015-10-01T02:55:00-04:56,11.7100000381,81.3000030518,1.3969999552,39.3699989319,3.1050000191,0,12.5,15.7299995422,12.4899997711,0,0,0.3339999914,16.7600002289,13.6800003052,13.029999733,0.0939999968,17.2700004578,12.5799999237,12.9499998093
2015-10-01T03:00:00-04:56,11.6700000763,80.6999969482,1.3980000019,3.513999939,3.2430000305,0,12.5,15.7299995422,12.4600000381,0,0,0.3330000043,16.7399997711,13.6599998474,13.0200004578,0.0939999968,17.25,12.5600004196,12.9499998093
2015-10-01T03:05:00-04:56,11.6599998474,81.0999984741,1.3980000019,15.4399995804,3.7829999924,0,12.5,15.7299995422,12.4399995804,0,0,0.3330000043,16.7299995422,13.6400003433,13.029999733,0.0939999968,17.2299995422,12.529999733,12.9399995804
2015-10-01T03:10:00-04:56,11.6199998856,80.5,1.3990000486,59.3100013733,4.1380000114,0,12.4899997711,15.7299995422,12.4200000763,0,0,0.3330000043,16.7199993134,13.6099996567,13.0200004578,0.0939999968,17.2099990845,12.5100002289,12.9399995804
2015-10-01T03:15:00-04:56,11.5699996948,81.1999969482,1.3990000486,45.4199981689,3.25,0,12.4799995422,15.7299995422,12.3900003433,0,0,0.3319999874,16.7000007629,13.5900001526,13.0200004578,0.0939999968,17.1900005341,12.4899997711,12.9399995804
2015-10-01T03:20:00-04:56,11.529999733,80.5,1.3980000019,59.8199996948,2.8580000401,0,12.4899997711,15.7299995422,12.3699998856,0,0,0.3330000043,16.6800003052,13.5600004196,13.0200004578,0.0939999968,17.1700000763,12.4600000381,12.9300003052
2015-10-01T03:25:00-04:56,11.470000267,80.5,1.3990000486,54.4099998474,3.375,0,12.4300003052,15.7299995422,12.3500003815,0,0,0.3330000043,16.6499996185,13.5399999619,13.0200004578,0.0939999968,17.1499996185,12.4200000763,12.9399995804
2015-10-01T03:30:00-04:56,11.4300003052,81.5999984741,1.3999999762,48.2700004578,3.5880000591,0,12.5,15.7299995422,12.3000001907,0,0,0.3319999874,16.6399993896,13.4899997711,13.0200004578,0.0939999968,17.1299991608,12.3900003433,12.9399995804
2015-10-01T03:35:00-04:56,11.3999996185,80.6999969482,1.3990000486,54.8899993896,3.7630000114,0,12.5,15.7299995422,12.279999733,0,0,0.3319999874,16.6299991608,13.470000267,13.0200004578,0.0939999968,17.1100006104,12.3699998856,12.9399995804
2015-10-01T03:40:00-04:56,11.3299999237,81.9000015259,1.3990000486,60.2999992371,2.7679998875,0,12.4899997711,15.7299995422,12.2299995422,0,0,0.3310000002,16.6299991608,13.4200000763,13.0200004578,0.0939999968,17.0900001526,12.3500003815,12.9399995804
2015-10-01T03:45:00-04:56,11.3000001907,81.1999969482,1.3999999762,51.0699996948,2.0850000382,0,12.4899997711,15.7299995422,12.2100000381,0,0,0.3319999874,16.6200008392,13.3999996185,13.0100002289,0.0939999968,17.0699996948,12.3000001907,12.9399995804
2015-10-01T03:50:00-04:56,11.2700004578,81.0999984741,1.3999999762,62.0900001526,2.6900000572,0,12.4799995422,15.7299995422,12.1599998474,0,0,0.3319999874,16.6200008392,13.3800001144,13,0.0930000022,17.0499992371,12.279999733,12.9399995804
2015-10-01T03:55:00-04:56,11.2299995422,81.5999984741,1.3999999762,23.0699996948,3,0,12.470000267,15.7299995422,12.1400003433,0,0,0.3310000002,16.6200008392,13.3500003815,13.0100002289,0.0930000022,17.0300006866,12.2600002289,12.9300003052
2015-10-01T04:00:00-04:56,11.1899995804,81.6999969482,1.3999999762,81.3000030518,2.4330000877,0,12.4799995422,15.7299995422,12.0900001526,0.2540000081,0,0.3310000002,16.6100006104,13.3299999237,13.0100002289,0.0930000022,17.0100002289,12.2100000381,12.9200000763
2015-10-01T04:05:00-04:56,11.1599998474,81.9000015259,1.3999999762,45.4300003052,2.3150000572,0,12.4899997711,15.7299995422,12.0500001907,0,0,0.3310000002,16.6100006104,13.3000001907,13.0100002289,0.0930000022,16.9899997711,12.1899995804,12.9300003052
2015-10-01T04:10:00-04:56,11.1300001144,81.8000030518,1.4010000229,20.75,2.9949998856,0,12.4799995422,15.7299995422,12.0200004578,0,0,0.3310000002,16.6100006104,13.2600002289,13.0100002289,0.0930000022,16.9699993134,12.1599998474,12.9300003052
2015-10-01T04:15:00-04:56,11.0900001526,81.5999984741,1.4010000229,346.700012207,3.375,0,12.3999996185,15.7299995422,11.9799995422,0,0,0.3310000002,16.6000003815,13.2299995422,13.0100002289,0.0930000022,16.9500007629,12.1400003433,12.9300003052
2015-10-01T04:20:00-04:56,11.0799999237,81.9000015259,1.3999999762,63.2700004578,3.2279999256,0,12.4899997711,15.7299995422,11.9600000381,0,0,0.3310000002,16.6000003815,13.2100000381,13.0100002289,0.0930000022,16.9300003052,12.0900001526,12.9300003052
2015-10-01T04:25:00-04:56,11.0500001907,81.5999984741,1.4010000229,54.3199996948,3.1549999714,0,12.4899997711,15.7299995422,11.9099998474,0,0,0.3310000002,16.6000003815,13.1899995804,13,0.0930000022,16.9099998474,12.0699996948,12.9300003052
2015-10-01T04:30:00-04:56,11.0100002289,82.1999969482,1.4019999504,79.5500030518,2.8250000477,0,12.4899997711,15.7299995422,11.8900003433,0,0,0.3310000002,16.6100006104,13.1599998474,12.9899997711,0.0930000022,16.8899993896,12.0500001907,12.9300003052
2015-10-01T04:35:00-04:56,11,81.8000030518,1.4019999504,42.0299987793,3.378000021,0,12.4899997711,15.7299995422,11.8400001526,0,0,0.3310000002,16.6100006104,13.1199998856,13,0.0930000022,16.8700008392,12,12.9300003052
2015-10-01T04:40:00-04:56,10.9499998093,82.6999969482,1.4010000229,32.3499984741,2.4149999619,0,12.4899997711,15.7299995422,11.8199996948,0,0,0.3310000002,16.5799999237,13.0900001526,13,0.0920000002,16.8600006104,11.9799995422,12.9200000763
2015-10-01T04:45:00-04:56,10.9099998474,82.5,1.4019999504,17.7399997711,2.0950000286,0,12.4899997711,15.7299995422,11.7700004578,0,0,0.3310000002,16.5699996948,13.0699996948,13,0.0920000002,16.8400001526,11.9600000381,12.9300003052
2015-10-01T04:50:00-04:56,10.9300003052,82,1.4019999504,45.5800018311,2.5999999046,0,12.470000267,15.7299995422,11.7299995422,0,0,0.3310000002,16.5499992371,13.0500001907,13,0.0920000002,16.8199996948,11.9300003052,12.9300003052
2015-10-01T04:55:00-04:56,10.9099998474,82.4000015259,1.4019999504,322.799987793,3.1630001068,0,12.4799995422,15.7299995422,11.6999998093,0,0,0.3310000002,16.5400009155,13.0200004578,13,0.0920000002,16.7999992371,11.8900003433,12.9300003052
2015-10-01T05:00:00-04:56,10.8900003433,82.5999984741,1.4029999971,58.1100006104,2.3350000382,0,12.470000267,15.7299995422,11.6800003052,0,0,0.3310000002,16.5200004578,13,13,0.0920000002,16.7800006866,11.8599996567,12.9200000763
2015-10-01T05:05:00-04:56,10.8699998856,81.5999984741,1.4029999971,19.2999992371,3.2149999142,0,12.4899997711,15.7299995422,11.6599998474,0,0,0.3310000002,16.5,12.9799995422,13,0.0920000002,16.75,11.8400001526,12.9200000763
2015-10-01T05:10:00-04:56,10.8299999237,82.1999969482,1.4029999971,32.4500007629,2.6429998875,0,12.4899997711,15.7299995422,11.6300001144,0,0,0.3310000002,16.4899997711,12.9499998093,13,0.0920000002,16.7399997711,11.8199996948,12.9200000763
2015-10-01T05:15:00-04:56,10.8199996948,81.6999969482,1.4029999971,37.2299995422,2.6400001049,0,12.4799995422,15.7299995422,11.5900001526,0,0,0.3300000131,16.4799995422,12.9300003052,13,0.0920000002,16.7099990845,11.7899999619,12.9200000763
2015-10-01T05:20:00-04:56,10.75,81.8000030518,1.4019999504,41.0800018311,2.8350000382,0,12.4899997711,15.7299995422,11.5900001526,0,0,0.3310000002,16.4599990845,12.9099998474,13,0.0920000002,16.7000007629,11.7700004578,12.9099998474
2015-10-01T05:25:00-04:56,10.7600002289,82.4000015259,1.4019999504,26.9500007629,2.882999897,0,12.4899997711,15.7299995422,11.5399999619,0,0,0.3310000002,16.4400005341,12.8800001144,13,0.0920000002,16.6800003052,11.75,12.9200000763
2015-10-01T05:30:00-04:56,10.720000267,81.8000030518,1.4029999971,46.2200012207,3.1429998875,0,12.4899997711,15.7299995422,11.5200004578,0,0,0.3310000002,16.4200000763,12.8599996567,13,0.0909999982,16.6599998474,11.7299995422,12.9200000763
2015-10-01T05:35:00-04:56,10.7100000381,81.3000030518,1.4019999504,87.0999984741,3.5329999924,0,12.470000267,15.7299995422,11.4899997711,0,0,0.3300000131,16.3999996185,12.8400001526,13,0.0909999982,16.6399993896,11.6999998093,12.9200000763
2015-10-01T05:40:00-04:56,10.6800003052,82.0999984741,1.4019999504,65.0899963379,2.4030001164,0,12.470000267,15.7299995422,11.4499998093,0,0,0.3310000002,16.3700008392,12.8100004196,13,0.0909999982,16.6200008392,11.6800003052,12.9200000763
2015-10-01T05:45:00-04:56,10.6700000763,82.3000030518,1.4019999504,59.4500007629,2.6199998856,0,12.470000267,15.7299995422,11.4300003052,0.2540000081,0,0.3300000131,16.3500003815,12.7899999619,13,0.0909999982,16.6000003815,11.6300001144,12.9200000763
2015-10-01T05:50:00-04:56,10.6000003815,82.8000030518,1.4019999504,74.9700012207,2.503000021,0,12.4200000763,15.7299995422,11.3999996185,0,0,0.3310000002,16.3199996948,12.7700004578,13,0.0909999982,16.5799999237,11.6099996567,12.9200000763
2015-10-01T05:55:00-04:56,10.6300001144,82.0999984741,1.4019999504,13.2700004578,3.1199998856,0,12.4799995422,15.7299995422,11.3800001144,0,0,0.3319999874,16.2999992371,12.720000267,13,0.0909999982,16.5599994659,11.5900001526,12.9200000763
2015-10-01T06:00:00-04:56,10.5799999237,81.8000030518,1.4029999971,19.4400005341,3.1900000572,0,12.4799995422,15.7299995422,11.3599996567,0,0,0.3300000131,16.2600002289,12.6999998093,13,0.0909999982,16.5400009155,11.5600004196,12.9200000763
2015-10-01T06:05:00-04:56,10.5699996948,82,1.4029999971,5.3330001831,3.4900000095,0,12.470000267,15.7299995422,11.2899999619,0,0,0.3300000131,16.2399997711,12.6700000763,13,0.0909999982,16.5200004578,11.5399999619,12.9200000763
2015-10-01T06:10:00-04:56,10.5699996948,81.9000015259,1.4019999504,42.9700012207,3.4449999332,0,12.470000267,15.7299995422,11.2700004578,0,0,0.3300000131,16.2199993134,12.6499996185,12.9899997711,0.0909999982,16.5,11.5200004578,12.9200000763
2015-10-01T06:15:00-04:56,10.6099996567,81.8000030518,1.4019999504,351.600006104,3.3849999905,0,12.4799995422,15.7299995422,11.2399997711,0,0,0.3300000131,16.2099990845,12.6300001144,13,0.0909999982,16.4799995422,11.470000267,12.9200000763
2015-10-01T06:20:00-04:56,10.5900001526,82.5,1.4019999504,26.7299995422,2.8099999428,0,12.470000267,15.7299995422,11.220000267,0,0,0.3310000002,16.1900005341,12.6000003815,12.9899997711,0.0909999982,16.4599990845,11.4499998093,12.9099998474
2015-10-01T06:25:00-04:56,10.5900001526,81.9000015259,1.4019999504,66.8600006104,3.3180000782,0,12.4600000381,15.7299995422,11.1999998093,0,0,0.3300000131,16.1599998474,12.5799999237,12.9899997711,0.0900000036,16.4400005341,11.4300003052,12.9099998474
2015-10-01T06:30:00-04:56,10.5699996948,82.5999984741,1.4019999504,56.7900009155,3.0580000877,0,12.4600000381,15.7299995422,11.1800003052,0,0,0.3300000131,16.1499996185,12.5799999237,12.9899997711,0.0900000036,16.4200000763,11.3999996185,12.9099998474
2015-10-01T06:35:00-04:56,10.5600004196,82.0999984741,1.4019999504,36.6100006104,3.753000021,0,12.470000267,15.7299995422,11.1800003052,0,0,0.3310000002,16.1299991608,12.5799999237,12.9899997711,0.0900000036,16.3999996185,11.3800001144,12.9099998474
2015-10-01T06:40:00-04:56,10.529999733,82.1999969482,1.4029999971,39.4300003052,3.378000021,0,12.3599996567,15.7299995422,11.1499996185,0,0,0.3310000002,16.0900001526,12.5600004196,12.9899997711,0.0900000036,16.3799991608,11.3599996567,12.8999996185
2015-10-01T06:45:00-04:56,10.5500001907,82.4000015259,1.4029999971,37.1100006104,3.6979999542,0,12.470000267,15.7299995422,11.1300001144,0,0,0.3300000131,16.0699996948,12.529999733,12.9899997711,0.0900000036,16.3600006104,11.3299999237,12.8999996185
2015-10-01T06:50:00-04:56,10.5200004578,82.6999969482,1.4029999971,37.5400009155,3.3250000477,0,12.470000267,15.7299995422,11.1300001144,0,0,0.3310000002,16.0200004578,12.5100002289,12.9899997711,0.0900000036,16.3400001526,11.3100004196,12.9200000763
2015-10-01T06:55:00-04:56,10.5100002289,82.5999984741,1.4019999504,42.3699989319,3.0499999523,0,12.470000267,15.7299995422,11.1099996567,0,5.07789673065E-006,0.3300000131,16,12.4899997711,12.9899997711,0.0900000036,16.3199996948,11.3100004196,12.9099998474
2015-10-01T07:00:00-04:56,10.5100002289,82.5999984741,1.4019999504,32.7400016785,2.9430000782,0.001,12.470000267,15.7299995422,11.0799999237,0,1.01557980088E-005,0.3300000131,15.9799995422,12.4899997711,12.9799995422,0.0900000036,16.2999992371,11.2899999619,12.9200000763
2015-10-01T07:05:00-04:56,10.4600000381,82.6999969482,1.4019999504,47.4199981689,2.9749999046,0.001,12.470000267,15.7299995422,11.0799999237,0,0.000015234,0.3300000131,15.970000267,12.4600000381,12.9899997711,0.0900000036,16.2800006866,11.2700004578,12.9099998474
2015-10-01T07:10:00-04:56,10.4899997711,83.5,1.4019999504,40.4099998474,3.0199999809,0.0020000001,12.4600000381,15.7299995422,11.0600004196,0,3.0467110264E-005,0.3300000131,15.970000267,12.4600000381,12.9899997711,0.0890000015,16.2700004578,11.2700004578,12.9099998474
2015-10-01T07:15:00-04:56,10.4399995804,83.6999969482,1.4019999504,29.3899993896,2.9930000305,0.0049999999,12.4600000381,15.7299995422,11.0600004196,0,7.1086200478E-005,0.3300000131,15.9499998093,12.4399995804,12.9899997711,0.0900000036,16.25,11.2700004578,12.9099998474
2015-10-01T07:16:00-04:56, , , , , , , , , , , , , , , , , , , 
2015-10-01T07:20:00-04:56,10.3199996948,84.3000030518,1.4019999504,36.1599998474,2.2599999905,0.0060000001,12.4499998093,15.7299995422,11.0399999619,0,9.14005795494E-005,0.3300000131,15.9499998093,12.4399995804,12.9799995422,0.0890000015,16.2199993134,11.2399997711,12.9099998474
2015-10-01T07:25:00-04:56,10.4099998474,83.9000015259,1.4029999971,16.1200008392,2.7880001068,0.0089999996,12.4600000381,15.7299995422,11.0200004578,0,0.0001421828,0.3300000131,15.9300003052,12.3900003433,12.9899997711,0.0890000015,16.2000007629,11.220000267,12.8900003433
2015-10-01T07:30:00-04:56,10.3599996567,84.3000030518,1.4019999504,32.1399993896,2.5929999352,0.0160000008,12.4099998474,15.7299995422,10.9899997711,0,0.0002437362,0.3300000131,15.9099998474,12.3900003433,13,0.0890000015,16.1800003052,11.220000267,12.8999996185
2015-10-01T07:35:00-04:56,10.4399995804,83.9000015259,1.4019999504,47.0099983215,2.7630000114,0.0240000002,12.4600000381,15.7299995422,10.970000267,0.2540000081,0.0003554556,0.3289999962,15.8599996567,12.3699998856,13.0100002289,0.0890000015,16.1599998474,11.1999998093,12.8999996185
2015-10-01T07:40:00-04:56,10.4899997711,83.6999969482,1.4019999504,49.7900009155,2.2149999142,0.0260000005,12.4799995422,15.7299995422,10.9499998093,0,0.000396084,0.3300000131,15.8500003815,12.3500003815,13.0100002289,0.0890000015,16.1399993896,11.1999998093,12.8999996185
2015-10-01T07:45:00-04:56,10.5200004578,84,1.4010000229,15.7600002289,2.1579999924,0.0270000007,12.4799995422,15.7299995422,10.9499998093,0,0.0004113184,0.3289999962,15.8100004196,12.3500003815,13.029999733,0.0890000015,16.1200008392,11.1800003052,12.9099998474
2015-10-01T07:46:00-04:56, , , , , , , , , , , , , , , , , , , 
2015-10-01T07:50:00-04:56,10.5200004578,83.4000015259,1.4010000229,42.7799987793,2.4030001164,0.0299999993,12.470000267,15.7299995422,10.9499998093,0,0.0004519354,0.3289999962,15.8000001907,12.3500003815,13.0399999619,0.0890000015,16.1000003815,11.1800003052,12.9099998474
2015-10-01T07:55:00-04:56,10.5500001907,83.9000015259,1.4010000229,33.9300003052,2.6749999523,0.0340000018,12.4899997711,15.7299995422,10.970000267,0,0.0005128515,0.3300000131,15.8199996948,12.3699998856,13.0500001907,0.0890000015,16.0799999237,11.1800003052,12.9200000763
2015-10-01T08:00:00-04:56,10.6199998856,83.8000030518,1.4010000229,19.8999996185,2.5399999619,0.0390000008,12.4899997711,15.7299995422,10.970000267,0,0.000589038,0.3300000131,15.7700004578,12.3699998856,13.0600004196,0.0890000015,16.0699996948,11.1800003052,12.9200000763
2015-10-01T08:05:00-04:56,10.5100002289,82.9000015259,1.4010000229,22,2.8080000877,0.0480000004,12.4899997711,15.7299995422,10.9899997711,0,0.0007210621,0.3289999962,15.779999733,12.3699998856,13.0799999237,0.0890000015,16.0499992371,11.1800003052,12.9300003052
2015-10-01T08:10:00-04:56,10.5600004196,83.0999984741,1.4010000229,22.3099994659,3.0499999523,0.0520000011,12.4899997711,15.7299995422,11.0200004578,0,0.0007769358,0.3300000131,15.7700004578,12.3900003433,13.1000003815,0.0890000015,16.0300006866,11.1999998093,12.9399995804
2015-10-01T08:15:00-04:56,10.6300001144,83,1.3999999762,63.4399986267,3.3399999142,0.0549999997,12.4899997711,15.7299995422,11.0200004578,0,0.0008175384,0.3289999962,15.7899999619,12.3900003433,13.1099996567,0.0890000015,16.0100002289,11.1999998093,12.9399995804
2015-10-01T08:20:00-04:56,10.6899995804,83.5999984741,1.3999999762,58.4399986267,2.7550001144,0.0659999996,12.4499998093,15.7299995422,11.0600004196,0,0.0009851319,0.3300000131,15.7700004578,12.4200000763,13.1499996185,0.0879999995,15.9899997711,11.220000267,12.9499998093
2015-10-01T08:25:00-04:56,10.75,83.1999969482,1.3999999762,36.8499984741,2.5199999809,0.0769999996,12.5200004578,15.7299995422,11.0799999237,0,0.0011526443,0.3300000131,15.7600002289,12.4200000763,13.1899995804,0.0879999995,15.970000267,11.220000267,12.970000267
2015-10-01T08:30:00-04:56,10.75,83.1999969482,1.3999999762,33.3800010681,2.8250000477,0.0799999982,12.529999733,15.7299995422,11.1300001144,0,0.0012034078,0.3289999962,15.7299995422,12.4399995804,13.2299995422,0.0879999995,15.9600000381,11.2399997711,12.9899997711
2015-10-01T08:35:00-04:56,10.8400001526,82.5,1.3999999762,9.1599998474,2.4179999828,0.0930000022,12.5399999619,15.7299995422,11.1499996185,0,0.0014014684,0.3289999962,15.7600002289,12.4600000381,13.279999733,0.0879999995,15.9399995804,11.2700004578,13.0100002289
2015-10-01T08:40:00-04:56,10.8500003815,81.9000015259,1.3999999762,26.5400009155,2.7630000114,0.0900000036,12.5399999619,15.7299995422,11.1999998093,0,0.0013506903,0.3300000131,15.7700004578,12.4899997711,13.3199996948,0.0879999995,15.9200000763,11.2700004578,13.029999733
2015-10-01T08:45:00-04:56,10.8299999237,82.0999984741,1.3999999762,35.9199981689,2.9830000401,0.0970000029,12.5500001907,15.7299995422,11.2700004578,0,0.0014623412,0.3300000131,15.7600002289,12.5100002289,13.3699998856,0.0879999995,15.9099998474,11.3100004196,13.029999733
2015-10-01T08:50:00-04:56,10.9499998093,82.4000015259,1.3990000486,59.5699996948,3.0480000973,0.112999998,12.5699996948,15.7299995422,11.3299999237,0,0.0016908055,0.3289999962,15.7399997711,12.529999733,13.4300003052,0.0879999995,15.8900003433,11.3100004196,13.0799999237
2015-10-01T08:55:00-04:56,10.9499998093,82.3000030518,1.3990000486,27.3600006104,3.3849999905,0.123999998,12.5799999237,15.7299995422,11.3800001144,0,0.001853318,0.3289999962,15.75,12.5799999237,13.5200004578,0.0879999995,15.8800001144,11.3599996567,13.1099996567
2015-10-01T09:00:00-04:56,11.0799999237,81.0999984741,1.3990000486,34.3199996948,2.9979999065,0.1400000006,12.6199998856,15.7299995422,11.4499998093,0,0.0021020225,0.3289999962,15.6999998093,12.6000003815,13.5900001526,0.0879999995,15.8599996567,11.3800001144,13.1599998474
2015-10-01T09:05:00-04:56,11.3999996185,83,1.3980000019,35.3899993896,1.8550000191,0.1519999951,12.6300001144,15.7299995422,11.5200004578,0,0.0022847836,0.3300000131,15.7299995422,12.6300001144,13.6899995804,0.0879999995,15.8500003815,11.4499998093,13.2100000381
2015-10-01T09:10:00-04:56,11.2700004578,82.4000015259,1.3980000019,41.8199996948,0,0.1630000025,12.6999998093,15.7299995422,11.5900001526,0,0.0024425143,0.3289999962,15.720000267,12.6999998093,13.7899999619,0.0879999995,15.8299999237,11.470000267,13.25
2015-10-01T09:15:00-04:56,11.5,81.0999984741,1.3990000486,65.5699996948,2.2679998875,0.1819999963,12.75,15.7299995422,11.6800003052,0,0.0027266792,0.3300000131,15.75,12.7399997711,13.8699998856,0.0869999975,15.8199996948,11.5200004578,13.3400001526
2015-10-01T09:20:00-04:56,11.5500001907,80.5999984741,1.3990000486,48.7599983215,2.3350000382,0.1679999977,12.7899999619,15.7299995422,11.7700004578,0,0.0025131621,0.3289999962,15.7600002289,12.7899999619,13.8800001144,0.0879999995,15.8100004196,11.5600004196,13.4099998474
2015-10-01T09:25:00-04:56,11.3999996185,80.5,1.3990000486,49.8300018311,3.0750000477,0.1770000011,12.8199996948,15.7299995422,11.8599996567,0,0.0026551809,0.3289999962,15.7600002289,12.8400001526,13.8900003433,0.0879999995,15.8000001907,11.6099996567,13.4600000381
2015-10-01T09:30:00-04:56,11.3699998856,81.1999969482,1.3990000486,65.2799987793,3.2079999447,0.1829999983,12.8400001526,15.7299995422,11.9600000381,0,0.0027464984,0.3289999962,15.7700004578,12.8800001144,13.8699998856,0.0869999975,15.779999733,11.6599998474,13.5200004578
2015-10-01T09:35:00-04:56,11.6199998856,80.9000015259,1.3990000486,33,2.6500000954,0.1860000044,12.8699998856,15.7299995422,12.0500001907,0.2540000081,0.0027920285,0.3289999962,15.7700004578,12.9099998474,13.8699998856,0.0869999975,15.7700004578,11.6999998093,13.5600004196
2015-10-01T09:40:00-04:56,11.5799999237,80.8000030518,1.3990000486,34.1399993896,3.1229999065,0.1889999956,12.8800001144,15.7299995422,12.1199998856,0,0.002827507,0.3289999962,15.7299995422,12.9499998093,13.8800001144,0.0869999975,15.7600002289,11.75,13.6000003815
2015-10-01T09:45:00-04:56,11.6899995804,81,1.3990000486,40.5,3.6129999161,0.1930000037,12.8999996185,15.7299995422,12.2100000381,0,0.0028985592,0.3289999962,15.7299995422,13,13.8699998856,0.0869999975,15.75,11.7899999619,13.6199998856
2015-10-01T09:50:00-04:56,11.7600002289,79.8399963379,1.3980000019,1.9129999876,2.6150000095,0.1959999949,12.9099998474,15.7299995422,12.279999733,0,0.0029340968,0.3289999962,15.720000267,13.0500001907,13.8900003433,0.0869999975,15.75,11.8400001526,13.6499996185
2015-10-01T09:55:00-04:56,11.8299999237,79.6900024414,1.3990000486,73.8099975586,3.5829999447,0.2109999955,12.9099998474,15.7299995422,12.3699998856,0,0.0031675973,0.3289999962,15.7399997711,13.0900001526,13.8699998856,0.0869999975,15.7399997711,11.9099998474,13.6700000763
2015-10-01T10:00:00-04:56,11.8500003815,80.5999984741,1.3980000019,59.8199996948,2.6679999828,0.1920000017,12.9499998093,15.7299995422,12.4399995804,0,0.0028731725,0.3289999962,15.7399997711,13.1599998474,13.8900003433,0.0869999975,15.7299995422,11.9600000381,13.6599998474
2015-10-01T10:05:00-04:56,11.8500003815,79.75,1.3980000019,60.8199996948,3.1530001164,0.2300000042,13.0100002289,15.7299995422,12.529999733,0,0.0034518801,0.3289999962,15.7700004578,13.1899995804,13.8699998856,0.0869999975,15.7299995422,12,13.6899995804
2015-10-01T10:10:00-04:56,12,79.5100021362,1.3980000019,53.6899986267,3.3450000286,0.2460000068,13.029999733,15.7299995422,12.6000003815,0,0.0036853792,0.3289999962,15.7700004578,13.2600002289,13.8699998856,0.0860000029,15.720000267,12.0699996948,13.75
2015-10-01T10:15:00-04:56,12.0200004578,78.5800018311,1.3980000019,25.6499996185,3.6700000763,0.2660000026,13.0799999237,15.7299995422,12.6999998093,0,0.0039899684,0.3289999962,15.7899999619,13.3000001907,13.8999996185,0.0869999975,15.7100000381,12.1199998856,13.8199996948
2015-10-01T10:20:00-04:56,12.2399997711,79.1800003052,1.3980000019,51.9000015259,3.3429999352,0.2980000079,13.1199998856,15.7299995422,12.7899999619,0,0.0044722306,0.3300000131,15.7700004578,13.3800001144,13.8699998856,0.0860000029,15.7100000381,12.1899995804,13.8599996567
2015-10-01T10:25:00-04:56,12.3299999237,77.6500015259,1.3980000019,41.5699996948,3.3699998856,0.2310000062,13.0600004196,15.7299995422,12.9099998474,0,0.0034671256,0.3289999962,15.8199996948,13.4200000763,13.8699998856,0.0860000029,15.6999998093,12.2600002289,13.8100004196
2015-10-01T10:30:00-04:56,12.220000267,78.2900009155,1.3980000019,40.4000015259,3.4579999447,0.2179999948,13.0399999619,15.7299995422,13,0,0.0032640747,0.3289999962,15.8299999237,13.4899997711,13.8699998856,0.0860000029,15.6999998093,12.3299999237,13.7899999619
2015-10-01T10:35:00-04:56,12.0900001526,78.4300003052,1.3969999552,43.4799995422,4.1700000763,0.2189999968,13.0200004578,15.7299995422,13.0699996948,0,0.0032894521,0.3280000091,15.8400001526,13.5399999619,13.8699998856,0.0860000029,15.6899995804,12.3900003433,13.7700004578
2015-10-01T10:40:00-04:56,12.2700004578,78.6600036621,1.3969999552,44.25,2.628000021,0.1969999969,12.970000267,15.7299995422,13.1400003433,0,0.0029493277,0.3289999962,15.8299999237,13.6099996567,13.8699998856,0.0860000029,15.6899995804,12.4399995804,13.7299995422
2015-10-01T10:45:00-04:56,12.4600000381,79.9400024414,1.3980000019,31.5499992371,2.7780001164,0.1850000024,13.0100002289,15.7299995422,13.2100000381,0,0.0027818074,0.3280000091,15.8100004196,13.6599998474,13.8699998856,0.0860000029,15.6899995804,12.5100002289,13.7299995422
2015-10-01T10:50:00-04:56,12.3699998856,77.7099990845,1.3980000019,74.9400024414,2.6800000668,0.1840000004,13,15.7299995422,13.2600002289,0,0.0027564252,0.3280000091,15.8199996948,13.6800003052,13.8699998856,0.0860000029,15.6899995804,12.5600004196,13.720000267
2015-10-01T10:55:00-04:56,12.2399997711,79.2900009155,1.3980000019,49.3400001526,3.378000021,0.1829999983,13,15.7299995422,13.3000001907,0,0.0027513506,0.3280000091,15.8400001526,13.7299995422,13.8999996185,0.0860000029,15.6899995804,12.6000003815,13.6999998093
2015-10-01T11:00:00-04:56,12.1599998474,78.1999969482,1.3969999552,32.2000007629,3.6679999828,0.1669999957,12.9799995422,15.7299995422,13.3500003815,0,0.0025026118,0.3289999962,15.8599996567,13.75,13.8699998856,0.0860000029,15.6899995804,12.6499996185,13.6999998093
2015-10-01T11:05:00-04:56,12.1000003815,79.6399993896,1.3969999552,52.0600013733,3.4530000687,0.1879999936,12.9899997711,15.7299995422,13.3800001144,0,0.0028173418,0.3280000091,15.7899999619,13.779999733,13.8800001144,0.0860000029,15.6899995804,12.6999998093,13.6800003052
2015-10-01T11:10:00-04:56,11.9899997711,78.7099990845,1.3969999552,35.5900001526,4.5920000076,0.2160000056,13.0200004578,15.7299995422,13.3800001144,0,0.0032335969,0.3280000091,15.8500003815,13.8000001907,13.8699998856,0.0860000029,15.6899995804,12.720000267,13.7100000381
2015-10-01T11:15:00-04:56,12.279999733,79.1600036621,1.3969999552,60.9799995422,3.7730000019,0.2520000041,13.029999733,15.7299995422,13.3999996185,0,0.0037869122,0.3289999962,15.8900003433,13.8000001907,13.8999996185,0.0860000029,15.6899995804,12.7399997711,13.75
2015-10-01T11:20:00-04:56,12.3900003433,78.3199996948,1.3980000019,48.4599990845,4.3499999046,0.2610000074,13.0500001907,15.7299995422,13.4200000763,0,0.0039188974,0.3280000091,15.9200000763,13.8199996948,13.8599996567,0.0860000029,15.6899995804,12.7899999619,13.779999733
2015-10-01T11:25:00-04:56,12.4799995422,77.4599990845,1.3980000019,46.5,4.0999999046,0.2569999993,13.0200004578,15.7299995422,13.470000267,0,0.0038579833,0.3289999962,15.8800001144,13.8699998856,13.8900003433,0.0860000029,15.6800003052,12.8400001526,13.7899999619
2015-10-01T11:30:00-04:56,12.6599998474,78.5199966431,1.3980000019,53.7900009155,3.8199999332,0.2450000048,13.0500001907,15.7299995422,13.5399999619,0.2540000081,0.0036752343,0.3289999962,15.9300003052,13.9200000763,13.8699998856,0.0850000009,15.6800003052,12.8599996567,13.8000001907
2015-10-01T11:35:00-04:56,12.8900003433,79.0999984741,1.3980000019,34.3300018311,2.5550000668,0.2389999926,13.0399999619,15.720000267,13.5900001526,0,0.0035787839,0.3289999962,15.9300003052,13.970000267,13.8800001144,0.0860000029,15.6800003052,12.9099998474,13.8000001907
2015-10-01T11:40:00-04:56,12.9300003052,77.9499969482,1.3990000486,49.3899993896,3.1600000858,0.2469999939,13.0500001907,15.720000267,13.6599998474,0,0.003700617,0.3289999962,15.9499998093,14.0100002289,13.8999996185,0.0850000009,15.6800003052,12.9799995422,13.8199996948
2015-10-01T11:45:00-04:56,12.8199996948,78.5599975586,1.3990000486,23.9500007629,3.9900000095,0.2409999967,13.0600004196,15.720000267,13.7299995422,0,0.003609163,0.3289999962,15.9600000381,14.0600004196,13.8699998856,0.0850000009,15.6800003052,13.0200004578,13.8199996948
2015-10-01T11:50:00-04:56,12.7299995422,77.0699996948,1.3990000486,60.5299987793,3.7799999714,0.2689999938,13.0900001526,15.720000267,13.8000001907,0,0.004035566,0.3289999962,15.9899997711,14.1099996567,13.8900003433,0.0850000009,15.6800003052,13.0699996948,13.8699998856
2015-10-01T11:55:00-04:56,13.0100002289,77.1600036621,1.3990000486,92.6999969482,3.2179999352,0.2730000019,13.1000003815,15.720000267,13.8500003815,0,0.0041014561,0.3280000091,16.0100002289,14.1599998474,13.8699998856,0.0850000009,15.6800003052,13.1400003433,13.8800001144
2015-10-01T12:00:00-04:56,13.1300001144,76.0400009155,1.3990000486,50.25,3.0450000763,0.2399999946,13.0399999619,15.720000267,13.9200000763,0,0.0036037476,0.3280000091,15.9799995422,14.2299995422,13.8999996185,0.0850000009,15.6800003052,13.2100000381,13.8599996567
2015-10-01T12:05:00-04:56,13.0500001907,76.3000030518,1.3999999762,50.5999984741,3.3499999046,0.2370000035,13.0699996948,15.720000267,13.9899997711,0,0.0035478866,0.3280000091,15.9300003052,14.25,13.8999996185,0.0850000009,15.6800003052,13.2600002289,13.8400001526
2015-10-01T12:10:00-04:56,12.9799995422,77.3499984741,1.3999999762,64.6500015259,3.2550001144,0.2150000036,13.0399999619,15.720000267,14.0399999619,0,0.0032227805,0.3280000091,15.9300003052,14.3000001907,13.8900003433,0.0850000009,15.6800003052,13.3299999237,13.8199996948
2015-10-01T12:15:00-04:56,13.1400003433,75.9599990845,1.3999999762,56.2099990845,2.6919999123,0.2790000141,13.1099996567,15.720000267,14.0900001526,0,0.0041870768,0.3280000091,15.9200000763,14.3199996948,13.8699998856,0.0850000009,15.6800003052,13.3800001144,13.8900003433
2015-10-01T12:20:00-04:56,13.3299999237,76.6999969482,1.3999999762,20.6700000763,3.0179998875,0.2440000027,13.1099996567,15.720000267,14.1300001144,0,0.0036642565,0.3289999962,15.9300003052,14.3199996948,13.8999996185,0.0850000009,15.6899995804,13.4200000763,13.8999996185
2015-10-01T12:25:00-04:56,13.1199998856,77.0999984741,1.3999999762,37.3800010681,3.8499999046,0.2140000016,13.0699996948,15.720000267,14.1800003052,0,0.0032072496,0.3289999962,15.9399995804,14.3699998856,13.8999996185,0.0850000009,15.6899995804,13.470000267,13.8500003815
2015-10-01T12:30:00-04:56,12.9200000763,76.9700012207,1.4010000229,39.5999984741,4.2899999619,0.2460000068,13.0900001526,15.720000267,14.2299995422,0,0.0036894041,0.3280000091,15.9499998093,14.3699998856,13.8699998856,0.0850000009,15.6899995804,13.4899997711,13.8699998856
2015-10-01T12:35:00-04:56,13.1700000763,77.5199966431,1.4010000229,35.2099990845,3.7479999065,0.2720000148,13.1300001144,15.720000267,14.25,0,0.0040854071,0.3289999962,15.9499998093,14.3699998856,13.8699998856,0.0850000009,15.6899995804,13.5399999619,13.9399995804
2015-10-01T12:40:00-04:56,13.1899995804,76.1699981689,1.4010000229,52.3699989319,3.4800000191,0.2669999897,13.1099996567,15.720000267,14.279999733,0,0.0039989823,0.3280000091,15.9899997711,14.3699998856,13.8699998856,0.0850000009,15.6999998093,13.5600004196,13.9499998093
2015-10-01T12:45:00-04:56,13.3900003433,75.8099975586,1.4019999504,57.2700004578,3.9830000401,0.3089999855,13.1400003433,15.720000267,14.3199996948,0,0.0046282182,0.3280000091,15.9799995422,14.3999996185,13.8999996185,0.0850000009,15.7100000381,13.5900001526,13.9499998093
2015-10-01T12:50:00-04:56,13.6700000763,76.2399978638,1.4019999504,95.8000030518,3.4779999256,0.351000011,13.1599998474,15.720000267,14.3999996185,0,0.0052676406,0.3289999962,15.9899997711,14.4399995804,13.8699998856,0.0850000009,15.7100000381,13.6400003433,13.9600000381
2015-10-01T12:55:00-04:56,13.9899997711,76.1600036621,1.4010000229,59.9900016785,2.9879999161,0.3149999976,13.1400003433,15.720000267,14.4899997711,0,0.0047296281,0.3280000091,16.0400009155,14.5200004578,13.8699998856,0.0850000009,15.720000267,13.6800003052,13.9499998093
2015-10-01T13:00:00-04:56,13.9899997711,74.5899963379,1.4019999504,62.2299995422,2.4600000382,0.2980000079,13.0799999237,15.720000267,14.6099996567,0,0.0044759656,0.3280000091,16.0499992371,14.5900001526,13.8699998856,0.0839999989,15.720000267,13.779999733,13.9499998093
2015-10-01T13:05:00-04:56,14.1899995804,76.0100021362,1.4019999504,34.3199996948,2.9630000591,0.3140000105,13.1499996185,15.720000267,14.75,0,0.0047042039,0.3289999962,16.0100002289,14.6599998474,13.8699998856,0.0839999989,15.7299995422,13.8699998856,13.9600000381
2015-10-01T13:10:00-04:56,13.75,76.3399963379,1.4019999504,35.8499984741,4.0199999809,0.3039999902,13.1499996185,15.720000267,14.8999996185,0,0.0045569884,0.3289999962,16.0200004578,14.7299995422,13.8900003433,0.0839999989,15.7299995422,13.970000267,13.9499998093
2015-10-01T13:15:00-04:56,13.8000001907,76.8499984741,1.4019999504,39.9300003052,3.7230000496,0.3319999874,13.1700000763,15.720000267,14.970000267,0,0.0049832715,0.3280000091,16.1200008392,14.779999733,13.8900003433,0.0839999989,15.7399997711,14.0399999619,13.9399995804
2015-10-01T13:20:00-04:56,14.25,77.0299987793,1.4019999504,54.8400001526,2.6949999332,0.3409999907,13.1599998474,15.720000267,15.0699996948,0,0.0051101213,0.3280000091,16.1399993896,14.8500003815,13.8800001144,0.0839999989,15.75,14.1099996567,13.9499998093
2015-10-01T13:25:00-04:56,14.1000003815,74.5599975586,1.4019999504,116.199996948,3.4100000858,0.2820000052,13.1099996567,15.720000267,15.1700000763,0.2540000081,0.0042372812,0.3280000091,16.1499996185,14.8999996185,13.8900003433,0.0839999989,15.75,14.1800003052,13.9600000381
2015-10-01T13:30:00-04:56,13.8299999237,76.3300018311,1.4029999971,30.5900001526,3.5020000935,0.2619999945,13.0799999237,15.720000267,15.2399997711,0,0.0039328071,0.3280000091,16.1499996185,14.970000267,13.8900003433,0.0839999989,15.7600002289,14.25,13.9399995804
2015-10-01T13:35:00-04:56,14.0699996948,75.25,1.4029999971,52.7599983215,3.0550000668,0.2160000056,13.0399999619,15.720000267,15.2899999619,0,0.0032325126,0.3280000091,16.1499996185,15,13.8699998856,0.0839999989,15.7700004578,14.3199996948,13.9200000763
2015-10-01T13:40:00-04:56,13.9300003052,76.3199996948,1.4029999971,48.6500015259,3.3880000114,0.1860000044,13.0100002289,15.720000267,15.3400001526,0,0.0027859253,0.3280000091,16.0799999237,15.0399999619,13.8900003433,0.0839999989,15.779999733,14.3500003815,13.8699998856
2015-10-01T13:45:00-04:56,13.6700000763,77.3199996948,1.4029999971,26.5699996948,3.6400001049,0.1780000031,12.9399995804,15.720000267,15.3400001526,0,0.0026692259,0.3280000091,16.0900001526,15.0399999619,13.8800001144,0.0839999989,15.779999733,14.3999996185,13.8100004196
2015-10-01T13:50:00-04:56,13.8500003815,74.8099975586,1.4029999971,40.8899993896,3.2079999447,0.175999999,13.0200004578,15.720000267,15.3100004196,0,0.002633709,0.3280000091,16.0599994659,15.0699996948,13.8699998856,0.0839999989,15.7899999619,14.3999996185,13.720000267
2015-10-01T13:55:00-04:56,13.9799995422,76.7200012207,1.4029999971,14,3.0429999828,0.199000001,13.0200004578,15.720000267,15.3100004196,0,0.0029787829,0.3280000091,16.0699996948,15.0699996948,13.8800001144,0.0839999989,15.8000001907,14.4200000763,13.7899999619
2015-10-01T14:00:00-04:56,13.9899997711,75.4300003052,1.4029999971,22.8899993896,3.4949998856,0.2849999964,13.1099996567,15.720000267,15.2899999619,0,0.0042728027,0.3269999921,16.0799999237,15.0399999619,13.8699998856,0.0839999989,15.8100004196,14.4200000763,13.9399995804
2015-10-01T14:05:00-04:56,14.470000267,73.3799972534,1.4029999971,87.3000030518,2.8380000591,0.3289999962,13.1400003433,15.720000267,15.2899999619,0,0.0049324986,0.3280000091,16.1299991608,15.0699996948,13.8800001144,0.0839999989,15.8199996948,14.4399995804,13.9300003052
2015-10-01T14:10:00-04:56,14.3000001907,75.8899993896,1.4029999971,20.2199993134,3.7079999447,0.2590000033,13.1000003815,15.720000267,15.3599996567,0,0.0038820596,0.3280000091,16.2000007629,15.0900001526,13.8800001144,0.0839999989,15.8299999237,14.4899997711,13.9399995804
2015-10-01T14:15:00-04:56,14.3800001144,74.1900024414,1.4040000439,49.4399986267,3.1129999161,0.2569999993,13.0900001526,15.720000267,15.3900003433,0,0.0038566857,0.3269999921,16.1800003052,15.1199998856,13.8699998856,0.0839999989,15.8299999237,14.5399999619,13.9399995804
2015-10-01T14:20:00-04:56,14.3699998856,75.9599990845,1.4040000439,12.8800001144,3.0669999123,0.273999989,13.1099996567,15.720000267,15.4600000381,0,0.0041154926,0.3280000091,16.1800003052,15.1700000763,13.8400001526,0.0839999989,15.8400001526,14.5900001526,13.9399995804
2015-10-01T14:25:00-04:56,14.2700004578,75.0199966431,1.4040000439,11.5699996948,3.4149999619,0.2720000148,13.0699996948,15.720000267,15.5100002289,0,0.0040799687,0.3269999921,16.2099990845,15.1899995804,13.8400001526,0.0839999989,15.8500003815,14.6400003433,13.9099998474
2015-10-01T14:30:00-04:56,14.1700000763,76.5400009155,1.4040000439,62.0099983215,3.6180000305,0.2910000086,13.0500001907,15.720000267,15.5500001907,0,0.0043590707,0.3280000091,16.2600002289,15.2399997711,13.8400001526,0.0839999989,15.8500003815,14.6599998474,13.9200000763
2015-10-01T14:35:00-04:56,14.470000267,74.8300018311,1.4040000439,51.8800010681,3,0.2150000036,13.0500001907,15.720000267,15.6000003815,0,0.0032274404,0.3280000091,16.25,15.2600002289,13.8500003815,0.0829999968,15.8599996567,14.7100000381,13.9099998474
2015-10-01T14:40:00-04:56,14.2700004578,75.7200012207,1.4049999714,64.3099975586,3.0950000286,0.2349999994,13.0500001907,15.720000267,15.6499996185,0,0.0035268415,0.3269999921,16.2600002289,15.3100004196,13.8699998856,0.0839999989,15.8699998856,14.75,13.9099998474
2015-10-01T14:45:00-04:56,14.2899999619,76.3899993896,1.4040000439,347.700012207,3.3229999542,0.2610000074,13.0500001907,15.720000267,15.6800003052,0,0.003912509,0.3289999962,16.2800006866,15.3400001526,13.8400001526,0.0839999989,15.8800001144,14.8000001907,13.9099998474
2015-10-01T14:50:00-04:56,14.1099996567,74.3899993896,1.4049999714,25.4500007629,3.8929998875,0.2599999905,13.0699996948,15.720000267,15.6800003052,0,0.003907436,0.3280000091,16.3099994659,15.3599996567,13.8599996567,0.0839999989,15.8800001144,14.8299999237,13.9099998474
2015-10-01T14:55:00-04:56,14.3999996185,74.6200027466,1.4040000439,69.8000030518,2.5729999542,0.2399999946,13.0500001907,15.720000267,15.7299995422,0,0.0036029597,0.3280000091,16.3099994659,15.3900003433,13.8400001526,0.0829999968,15.8900003433,14.8500003815,13.9300003052
2015-10-01T15:00:00-04:56,14.2100000381,75.3899993896,1.4049999714,57.0200004578,3.3599998951,0.2240000069,13.029999733,15.720000267,15.7299995422,0,0.0033644524,0.3269999921,16.2800006866,15.3900003433,13.8400001526,0.0829999968,15.8999996185,14.8800001144,13.9200000763
2015-10-01T15:05:00-04:56,14.0100002289,75.3000030518,1.4049999714,82.8000030518,3.8099999428,0.1969999969,13.0200004578,15.720000267,15.75,0,0.0029534101,0.3280000091,16.2900009155,15.4300003052,13.8599996567,0.0829999968,15.8999996185,14.9200000763,13.8999996185
2015-10-01T15:10:00-04:56,14.1099996567,75.8000030518,1.4049999714,60.9399986267,3.0179998875,0.1720000058,12.9899997711,15.720000267,15.7299995422,0,0.002577892,0.3269999921,16.2700004578,15.4300003052,13.8400001526,0.0829999968,15.9099998474,14.9200000763,13.7700004578
2015-10-01T15:15:00-04:56,14.029999733,75.3799972534,1.4049999714,54.4799995422,3.2400000095,0.1309999973,12.9099998474,15.720000267,15.6999998093,0.2540000081,0.001968941,0.3280000091,16.2700004578,15.4300003052,13.8500003815,0.0829999968,15.9200000763,14.9200000763,13.75
2015-10-01T15:20:00-04:56,13.8400001526,76.2399978638,1.4049999714,45.7900009155,3.5650000572,0.1220000014,12.9399995804,15.720000267,15.6800003052,0,0.0018319265,0.3280000091,16.2700004578,15.4300003052,13.8699998856,0.0829999968,15.9200000763,14.9200000763,13.720000267
2015-10-01T15:25:00-04:56,13.8699998856,75.6299972534,1.4049999714,64.8600006104,3.0199999809,0.126000002,12.9399995804,15.720000267,15.6000003815,0,0.0018877478,0.3269999921,16.2600002289,15.3900003433,13.8400001526,0.0829999968,15.9300003052,14.9200000763,13.6899995804
2015-10-01T15:30:00-04:56,13.7100000381,76.6399993896,1.4049999714,27.8199996948,3.3949999809,0.0839999989,12.8699998856,15.720000267,15.529999733,0,0.0012584984,0.3269999921,16.25,15.3599996567,13.8400001526,0.0829999968,15.9300003052,14.8800001144,13.6499996185
2015-10-01T15:35:00-04:56,13.5500001907,77.4599990845,1.4049999714,78.1900024414,3.4400000572,0.0790000036,12.8599996567,15.720000267,15.4300003052,0,0.0011823792,0.3269999921,16.2000007629,15.2899999619,13.8400001526,0.0820000023,15.9399995804,14.8500003815,13.6000003815
2015-10-01T15:40:00-04:56,13.5799999237,76.8000030518,1.4049999714,29.3199996948,3.1180000305,0.0970000029,12.8699998856,15.720000267,15.3400001526,0,0.0014513324,0.3269999921,16.2000007629,15.2100000381,13.8500003815,0.0829999968,15.9399995804,14.8000001907,13.5799999237
2015-10-01T15:45:00-04:56,13.5600004196,78.4899978638,1.4049999714,31.5,3.0480000973,0.1019999981,12.8500003815,15.720000267,15.1899995804,0,0.0015274506,0.3269999921,16.2199993134,15.1899995804,13.8500003815,0.0829999968,15.9499998093,14.779999733,13.5900001526
2015-10-01T15:50:00-04:56,13.5699996948,78.4400024414,1.4049999714,28.6299991608,3.3050000668,0.1059999987,12.8500003815,15.720000267,15.0399999619,0,0.001588347,0.3269999921,16.2299995422,15.1199998856,13.8500003815,0.0820000023,15.9499998093,14.7100000381,13.5799999237
2015-10-01T15:55:00-04:56,13.4200000763,81.9000015259,1.4049999714,59.1199989319,2.7049999237,0.1049999967,12.8400001526,15.720000267,14.9200000763,0,0.0015731226,0.3269999921,16.25,15.0200004578,13.8500003815,0.0820000023,15.9499998093,14.6599998474,13.5699996948
2015-10-01T16:00:00-04:56,13.3500003815,80.6999969482,1.4060000181,41.0099983215,2.757999897,0.0979999974,12.779999733,15.720000267,14.75,0,0.001476704,0.3269999921,16.2700004578,14.9499998093,13.8599996567,0.0820000023,15.9499998093,14.6099996567,13.5600004196
2015-10-01T16:05:00-04:56,13.279999733,80.8000030518,1.4049999714,20.6000003815,2.7079999447,0.0689999983,12.8299999237,15.720000267,14.6099996567,0,0.0010352146,0.3269999921,16.2399997711,14.8299999237,13.8400001526,0.0820000023,15.9499998093,14.5399999619,13.5100002289
2015-10-01T16:10:00-04:56,13.2899999619,82,1.4049999714,40.0499992371,2.5680000782,0.064000003,12.8100004196,15.720000267,14.4399995804,0,0.0009590981,0.3269999921,16.1499996185,14.75,13.8400001526,0.0820000023,15.9499998093,14.4899997711,13.4799995422
2015-10-01T16:15:00-04:56,13.3299999237,79.7399978638,1.4049999714,33.4099998474,2.6029999256,0.0549999997,12.8000001907,15.720000267,14.3000001907,0,0.0008322571,0.3269999921,16.1299991608,14.7100000381,13.8400001526,0.0820000023,15.9499998093,14.4200000763,13.4499998093
2015-10-01T16:20:00-04:56,13.3000001907,79.7300033569,1.4049999714,58.0299987793,3.2400000095,0.061999999,12.8000001907,15.720000267,14.1800003052,0,0.0009287176,0.3269999921,16.1700000763,14.6400003433,13.8400001526,0.0820000023,15.9399995804,14.3699998856,13.3999996185
2015-10-01T16:25:00-04:56,13.3699998856,81.8000030518,1.4049999714,54.1599998474,2.5380001068,0.0700000003,12.8000001907,15.720000267,14.1099996567,0,0.0010454459,0.3269999921,16.2000007629,14.6099996567,13.8500003815,0.0820000023,15.9399995804,14.3000001907,13.3999996185
2015-10-01T16:30:00-04:56,13.2700004578,80.5,1.4049999714,14.0100002289,2.7079999447,0.064000003,12.7899999619,15.720000267,14.0399999619,0,0.0009540955,0.3269999921,16.1700000763,14.5600004196,13.8500003815,0.0820000023,15.9399995804,14.25,13.3999996185
2015-10-01T16:35:00-04:56,13.1700000763,80.5,1.4049999714,19.1399993896,2.7030000687,0.0710000023,12.779999733,15.720000267,13.9899997711,0,0.0010606681,0.3269999921,16.1599998474,14.5600004196,13.8500003815,0.0820000023,15.9300003052,14.2100000381,13.3900003433
2015-10-01T16:40:00-04:56,13.2399997711,82,1.4040000439,8.8900003433,1.7769999504,0.074000001,12.779999733,15.720000267,13.970000267,0,0.0011115167,0.3269999921,16.1800003052,14.5200004578,13.8500003815,0.0820000023,15.9300003052,14.1800003052,13.3900003433
2015-10-01T16:45:00-04:56,13.1999998093,81.0999984741,1.4049999714,23.9500007629,2.2929999828,0.0599999987,12.7700004578,15.720000267,13.9200000763,0,0.0008932754,0.326000005,16.1900005341,14.4899997711,13.8400001526,0.0820000023,15.9200000763,14.1300001144,13.3800001144
2015-10-01T16:50:00-04:56,13.1499996185,81.1999969482,1.4049999714,345.700012207,2.2899999619,0.0560000017,12.720000267,15.720000267,13.9200000763,0,0.0008425033,0.3269999921,16.1700000763,14.470000267,13.8599996567,0.0820000023,15.9099998474,14.0900001526,13.3699998856
2015-10-01T16:55:00-04:56,13.1300001144,79.8600006104,1.4049999714,60.3800010681,2.1029999256,0.075000003,12.779999733,15.720000267,13.8999996185,0,0.0011267554,0.326000005,16.1800003052,14.4399995804,13.8000001907,0.0820000023,15.9099998474,14.0600004196,13.3599996567
2015-10-01T17:00:00-04:56,13.279999733,81.3000030518,1.4049999714,24.3299999237,1.503000021,0.0890000015,12.8000001907,15.720000267,13.8699998856,0,0.0013398785,0.326000005,16.1900005341,14.4200000763,13.8199996948,0.0820000023,15.8999996185,14.0100002289,13.3800001144
2015-10-01T17:05:00-04:56,13.5200004578,80.6999969482,1.4040000439,1.1230000258,1.5449999571,0.1169999987,12.8100004196,15.720000267,13.8699998856,0,0.0017560833,0.3269999921,16.2000007629,14.4200000763,13.8900003433,0.0820000023,15.8900003433,13.9899997711,13.4200000763
2015-10-01T17:10:00-04:56,13.4899997711,80.9000015259,1.4040000439,10.5200004578,1.7899999619,0.1049999967,12.8000001907,15.720000267,13.8999996185,0,0.0015784004,0.326000005,16.2000007629,14.4200000763,13.8599996567,0.0820000023,15.8900003433,13.970000267,13.4200000763
2015-10-01T17:15:00-04:56,13.6499996185,78.5699996948,1.4040000439,47.9199981689,1.7330000401,0.1140000001,12.8000001907,15.720000267,13.9399995804,0,0.001715475,0.326000005,16.1900005341,14.4200000763,14.0200004578,0.0810000002,15.8800001144,13.970000267,13.4300003052
2015-10-01T17:20:00-04:56,13.7299995422,78.5,1.4040000439,45.5800018311,2.5580000877,0.0989999995,12.779999733,15.720000267,13.9899997711,0,0.0014871366,0.326000005,16.2099990845,14.4399995804,13.8000001907,0.0810000002,15.8699998856,13.970000267,13.4300003052
2015-10-01T17:25:00-04:56,13.75,76.7900009155,1.4040000439,26.4799995422,3.003000021,0.0780000016,12.779999733,15.720000267,14.0399999619,0.2540000081,0.0011723367,0.3269999921,16.2099990845,14.470000267,14.0100002289,0.0810000002,15.8599996567,13.9899997711,13.4300003052
2015-10-01T17:30:00-04:56,13.7700004578,78.5699996948,1.4040000439,54.0200004578,2.3880000114,0.0469999984,12.75,15.720000267,14.0900001526,0,0.0007054675,0.326000005,16.2199993134,14.5200004578,13.9300003052,0.0810000002,15.8599996567,13.9899997711,13.3699998856
2015-10-01T17:35:00-04:56,13.6300001144,77.2600021362,1.4040000439,38.0999984741,2.2599999905,0.0469999984,12.6899995804,15.720000267,14.1099996567,0,0.0007105318,0.3269999921,16.1800003052,14.5200004578,13.8500003815,0.0810000002,15.8500003815,14.0100002289,13.3500003815
2015-10-01T17:40:00-04:56,13.529999733,78.8799972534,1.4029999971,21.6800003052,2.6749999523,0.0390000008,12.7399997711,15.720000267,14.1300001144,0,0.0005785793,0.326000005,16.1399993896,14.5399999619,13.8500003815,0.0810000002,15.8400001526,14.0100002289,13.3299999237
2015-10-01T17:45:00-04:56,13.3699998856,78.5400009155,1.4040000439,37.4000015259,2.9200000763,0.0329999998,12.7399997711,15.720000267,14.1300001144,0,0.0004973304,0.3269999921,16.1399993896,14.5200004578,13.75,0.0810000002,15.8400001526,14.0100002289,13.3100004196
2015-10-01T17:50:00-04:56,13.279999733,78.1299972534,1.4029999971,41.0099983215,2.7950000763,0.0219999999,12.7299995422,15.720000267,14.1099996567,0,0.000334958,0.3269999921,16.1299991608,14.5200004578,13.5100002289,0.0810000002,15.8299999237,14.0100002289,13.279999733
2015-10-01T17:55:00-04:56,13.1800003052,78.7200012207,1.4029999971,34.3699989319,2.2149999142,0.0140000004,12.720000267,15.720000267,14.0900001526,0,0.0002030034,0.326000005,16.1299991608,14.470000267,13.4399995804,0.0810000002,15.8199996948,13.9899997711,13.2700004578
2015-10-01T18:00:00-04:56,13.0699996948,77.9499969482,1.4029999971,35.2099990845,3.1900000572,0.0089999996,12.7100000381,15.720000267,14.0399999619,0,0.0001370269,0.326000005,16.1200008392,14.4399995804,13.3999996185,0.0810000002,15.8100004196,13.970000267,13.2600002289
2015-10-01T18:05:00-04:56,13.1099996567,78.3700027466,1.4019999504,59.1800003052,3.1300001144,0.0099999998,12.7100000381,15.720000267,13.9899997711,0,0.0001573263,0.326000005,16.1100006104,14.4200000763,13.3800001144,0.0810000002,15.8100004196,13.9399995804,13.25
2015-10-01T18:10:00-04:56,13.0900001526,78.6699981689,1.4029999971,66.2600021362,2.757999897,0.0109999999,12.6899995804,15.720000267,13.9399995804,0,0.0001674887,0.3269999921,16.1000003815,14.3699998856,13.3599996567,0.0810000002,15.8000001907,13.9200000763,13.2299995422
2015-10-01T18:15:00-04:56,13.0100002289,79.4000015259,1.4019999504,60.5200004578,2.0780000687,0.0130000003,12.6800003052,15.720000267,13.8699998856,0,0.0001877908,0.326000005,16.1000003815,14.3199996948,13.3500003815,0.0810000002,15.7899999619,13.8699998856,13.2399997711
2015-10-01T18:20:00-04:56,13,79.4800033569,1.4019999504,0,2.1649999619,0.0120000001,12.6899995804,15.720000267,13.8500003815,0,0.0001827229,0.326000005,16.0900001526,14.3000001907,13.3299999237,0.0810000002,15.779999733,13.8500003815,13.2399997711
2015-10-01T18:25:00-04:56,12.9099998474,78.9599990845,1.4019999504,45.9399986267,2.0350000858,0.0109999999,12.6400003433,15.720000267,13.779999733,0,0.0001624159,0.326000005,16.0900001526,14.25,13.3299999237,0.0810000002,15.7700004578,13.8000001907,13.2299995422
2015-10-01T18:30:00-04:56,13.0200004578,78.5999984741,1.4019999504,26.0799999237,2.5750000477,0.0099999998,12.6999998093,15.720000267,13.75,0,0.0001522689,0.326000005,16.0799999237,14.2299995422,13.3100004196,0.0810000002,15.7600002289,13.779999733,13.2299995422
2015-10-01T18:35:00-04:56,13.0200004578,78.6600036621,1.4010000229,334.899993896,2.5299999714,0.0049999999,12.6999998093,15.720000267,13.7100000381,0,7.61383780628E-005,0.326000005,16.0699996948,14.2100000381,13.2899999619,0.0810000002,15.75,13.75,13.2299995422
2015-10-01T18:40:00-04:56,12.9200000763,79.2399978638,1.4010000229,48.9799995422,2.4049999714,0.0020000001,12.6899995804,15.720000267,13.6599998474,0,3.5531429603E-005,0.326000005,16.0699996948,14.1599998474,13.2899999619,0.0810000002,15.7399997711,13.7100000381,13.220000267
2015-10-01T18:45:00-04:56,12.8699998856,79.9100036621,1.4010000229,55.1199989319,2.2829999924,0.0020000001,12.6899995804,15.720000267,13.6099996567,0,0.000025381,0.326000005,16.0599994659,14.1300001144,13.279999733,0.0810000002,15.7299995422,13.6800003052,13.220000267
2015-10-01T18:50:00-04:56,12.779999733,80.9000015259,1.4010000229,37.4300003052,2.2400000095,0.0020000001,12.6899995804,15.720000267,13.5600004196,0,3.04575532937E-005,0.3269999921,16.0499992371,14.1099996567,13.2700004578,0.0810000002,15.720000267,13.6400003433,13.1999998093
2015-10-01T18:55:00-04:56,12.8100004196,79.4599990845,1.3999999762,36.3400001526,3.2449998856,0.001,12.6700000763,15.720000267,13.4899997711,0,2.03051185963E-005,0.326000005,16.0300006866,14.0600004196,13.2600002289,0.0810000002,15.7100000381,13.6099996567,13.2100000381
2015-10-01T19:00:00-04:56,12.779999733,80,1.3999999762,41.6899986267,2.9230000973,0,12.6599998474,15.720000267,13.4499998093,0,5.07629192725E-006,0.326000005,16.0200004578,14.0399999619,13.2600002289,0.0810000002,15.6999998093,13.5600004196,13.2100000381
2015-10-01T19:05:00-04:56,12.720000267,79.6100006104,1.3990000486,50.5800018311,2.9200000763,0,12.6599998474,15.720000267,13.3999996185,0,0,0.3269999921,16,13.9899997711,13.2399997711,0.0810000002,15.6899995804,13.5399999619,13.1999998093
2015-10-01T19:10:00-04:56,12.6999998093,80.1999969482,1.3990000486,27.3700008392,2.5680000782,0,12.6000003815,15.720000267,13.3500003815,0,0,0.326000005,15.9899997711,13.970000267,13.2399997711,0.0810000002,15.6800003052,13.4899997711,13.2100000381
2015-10-01T19:15:00-04:56,12.6599998474,80,1.3990000486,16.2600002289,2.5599999428,0,12.6599998474,15.720000267,13.3000001907,0,0,0.326000005,15.9600000381,13.9399995804,13.2399997711,0.0810000002,15.6700000763,13.4499998093,13.1999998093
2015-10-01T19:20:00-04:56,12.5699996948,80.5,1.3990000486,43.5499992371,2.0780000687,0,12.6599998474,15.720000267,13.279999733,0,0,0.326000005,15.9399995804,13.8999996185,13.2299995422,0.0810000002,15.6599998474,13.4200000763,13.1899995804
2015-10-01T19:25:00-04:56,12.5799999237,80.6999969482,1.3980000019,48.0699996948,2.8699998856,0,12.6499996185,15.720000267,13.2299995422,0,0,0.326000005,15.9300003052,13.8699998856,13.2299995422,0.0810000002,15.6499996185,13.3800001144,13.1899995804
2015-10-01T19:30:00-04:56,12.4899997711,80.9000015259,1.3990000486,34.5699996948,2.0099999905,0,12.6499996185,15.720000267,13.2100000381,0,0,0.326000005,15.9200000763,13.8500003815,13.2299995422,0.0810000002,15.6300001144,13.3500003815,13.1999998093
2015-10-01T19:35:00-04:56,12.529999733,80.8000030518,1.3980000019,38.7000007629,2.9430000782,0,12.6300001144,15.720000267,13.1599998474,0,0,0.326000005,15.9099998474,13.8199996948,13.220000267,0.0810000002,15.6199998856,13.3299999237,13.1899995804
2015-10-01T19:40:00-04:56,12.5,80.1999969482,1.3980000019,78.7900009155,3.1199998856,0,12.6400003433,15.720000267,13.1199998856,0,0,0.326000005,15.9200000763,13.8000001907,13.220000267,0.0810000002,15.6099996567,13.279999733,13.1899995804
2015-10-01T19:45:00-04:56,12.4499998093,81.1999969482,1.3980000019,38.8499984741,2.5529999733,0,12.6300001144,15.720000267,13.0900001526,0,0,0.326000005,15.9200000763,13.779999733,13.220000267,0.0810000002,15.6000003815,13.2600002289,13.1899995804
2015-10-01T19:50:00-04:56,12.4200000763,81.0999984741,1.3980000019,4.7810001373,2.2730000019,0,12.6199998856,15.720000267,13.0699996948,0,0,0.3249999881,15.9099998474,13.75,13.220000267,0.0799999982,15.5900001526,13.2299995422,13.1899995804
2015-10-01T19:55:00-04:56,12.3699998856,81.3000030518,1.3980000019,32.9900016785,1.8430000544,0,12.6099996567,15.720000267,13.0200004578,0,0,0.326000005,15.8900003433,13.7299995422,13.2100000381,0.0799999982,15.5799999237,13.2100000381,13.1899995804
2015-10-01T20:00:00-04:56,12.3800001144,81.8000030518,1.3969999552,34.8300018311,1.6380000114,0,12.5699996948,15.720000267,12.9799995422,0.2540000081,0,0.326000005,15.8500003815,13.7100000381,13.2100000381,0.0799999982,15.5699996948,13.1599998474,13.1800003052
2015-10-01T20:05:00-04:56,12.3800001144,80.9000015259,1.3969999552,15.3500003815,2.875,0,12.6099996567,15.720000267,12.9499998093,0,0,0.326000005,15.8500003815,13.6800003052,13.1899995804,0.0799999982,15.5600004196,13.1400003433,13.1800003052
2015-10-01T20:10:00-04:56,12.3900003433,80.8000030518,1.3969999552,45.1100006104,2.6630001068,0,12.6099996567,15.720000267,12.9300003052,0,0,0.326000005,15.8599996567,13.6800003052,13.1999998093,0.0799999982,15.5399999619,13.1199998856,13.1599998474
2015-10-01T20:15:00-04:56,12.3800001144,80.5,1.3969999552,33.8699989319,3.2780001164,0,12.6000003815,15.720000267,12.9099998474,0,0,0.326000005,15.8500003815,13.6599998474,13.1999998093,0.0799999982,15.529999733,13.0900001526,13.1800003052
2015-10-01T20:20:00-04:56,12.3900003433,79.9199981689,1.3969999552,67.0100021362,3.1600000858,0,12.6000003815,15.720000267,12.8800001144,0,0,0.326000005,15.8299999237,13.6400003433,13.1999998093,0.0799999982,15.5200004578,13.0699996948,13.1700000763
2015-10-01T20:25:00-04:56,12.3999996185,79.9499969482,1.3960000277,42.5999984741,3.2479999065,0,12.6000003815,15.720000267,12.8800001144,0,0,0.326000005,15.8199996948,13.6400003433,13.1999998093,0.0799999982,15.5100002289,13.0500001907,13.1700000763
2015-10-01T20:30:00-04:56,12.3800001144,80.1999969482,1.3960000277,22.1399993896,2.1949999332,0,12.5900001526,15.720000267,12.8599996567,0,0,0.326000005,15.8000001907,13.6099996567,13.1899995804,0.0799999982,15.5,13.0200004578,13.1700000763
2015-10-01T20:35:00-04:56,12.3999996185,80.3000030518,1.3960000277,34.4500007629,2.3450000286,0,12.5799999237,15.720000267,12.8599996567,0,0,0.326000005,15.779999733,13.6099996567,13.1800003052,0.0799999982,15.4899997711,13.0200004578,13.1700000763
2015-10-01T20:40:00-04:56,12.3999996185,79.8700027466,1.3949999809,68.4899978638,3.3680000305,0,12.5799999237,15.720000267,12.8400001526,0,0,0.326000005,15.75,13.5900001526,13.1899995804,0.0799999982,15.4799995422,13,13.1599998474
2015-10-01T20:45:00-04:56,12.3999996185,79.6500015259,1.3949999809,39.6100006104,2.9330000877,0,12.529999733,15.720000267,12.8400001526,0,0,0.326000005,15.7600002289,13.5900001526,13.1800003052,0.0799999982,15.470000267,12.9799995422,13.1599998474
2015-10-01T20:50:00-04:56,12.470000267,79.3399963379,1.3949999809,69.0899963379,2.6549999714,0,12.5600004196,15.720000267,12.8400001526,0,0,0.3249999881,15.75,13.5600004196,13.1800003052,0.0799999982,15.4499998093,12.9799995422,13.1599998474
2015-10-01T20:55:00-04:56,12.3999996185,80,1.3949999809,48.2900009155,2.1050000191,0,12.5500001907,15.720000267,12.8100004196,0,0,0.3249999881,15.7299995422,13.5600004196,13.1800003052,0.0799999982,15.4399995804,12.9499998093,13.1599998474
2015-10-01T21:00:00-04:56,12.3800001144,79.6999969482,1.3949999809,0,2.132999897,0,12.5500001907,15.720000267,12.7899999619,0,0,0.3249999881,15.720000267,13.5399999619,13.1800003052,0.0799999982,15.4300003052,12.9499998093,13.1599998474
2015-10-01T21:05:00-04:56,12.3800001144,80.5999984741,1.3949999809,30.0200004578,2.3129999638,0,12.5600004196,15.720000267,12.7899999619,0,0,0.3249999881,15.7100000381,13.5399999619,13.1800003052,0.0799999982,15.4200000763,12.9300003052,13.1599998474
2015-10-01T21:10:00-04:56,12.3599996567,80.1999969482,1.3949999809,45.2299995422,2.2130000591,0,12.5500001907,15.720000267,12.7899999619,0,0,0.3249999881,15.7100000381,13.5200004578,13.1700000763,0.0799999982,15.4099998474,12.9300003052,13.1499996185
2015-10-01T21:15:00-04:56,12.3999996185,79.8700027466,1.3940000534,69.3700027466,2.5780000687,0,12.5500001907,15.720000267,12.7700004578,0,0,0.3249999881,15.6999998093,13.5200004578,13.1700000763,0.0799999982,15.3999996185,12.9099998474,13.1499996185
2015-10-01T21:20:00-04:56,12.4099998474,80.4000015259,1.3940000534,93.6999969482,2.1730000973,0,12.529999733,15.720000267,12.7399997711,0,0,0.3249999881,15.6800003052,13.4899997711,13.1499996185,0.0799999982,15.3900003433,12.8800001144,13.1499996185
2015-10-01T21:25:00-04:56,12.4200000763,79.8700027466,1.3940000534,94.4000015259,1.9830000401,0,12.529999733,15.720000267,12.7399997711,0,0,0.3249999881,15.6599998474,13.4899997711,13.1700000763,0.0799999982,15.3800001144,12.8800001144,13.1499996185
2015-10-01T21:30:00-04:56,12.4200000763,80.0999984741,1.3940000534,22.1599998474,2.1549999714,0,12.529999733,15.720000267,12.7399997711,0,0,0.3249999881,15.6599998474,13.4899997711,13.1700000763,0.0790000036,15.3699998856,12.8800001144,13.1400003433
2015-10-01T21:35:00-04:56,12.4600000381,80,1.3940000534,55.1500015259,2.2479999065,0,12.4600000381,15.720000267,12.7399997711,0,0,0.3249999881,15.6499996185,13.4899997711,13.1599998474,0.0790000036,15.3599996567,12.8800001144,13.1499996185
2015-10-01T21:40:00-04:56,12.4799995422,79.5599975586,1.3930000067,41.7400016785,2.0750000477,0,12.529999733,15.720000267,12.7399997711,0,0,0.3249999881,15.6400003433,13.4899997711,13.1599998474,0.0790000036,15.3500003815,12.8800001144,13.1499996185
2015-10-01T21:45:00-04:56,12.4399995804,79.7099990845,1.3930000067,26.6800003052,1.6000000238,0,12.5200004578,15.720000267,12.7399997711,0,0,0.3249999881,15.6199998856,13.4899997711,13.1599998474,0.0790000036,15.3299999237,12.8800001144,13.1400003433
2015-10-01T21:50:00-04:56,12.4600000381,79.2799987793,1.3930000067,36.9300003052,1.8899999857,0,12.5100002289,15.720000267,12.7399997711,0,0,0.3249999881,15.6099996567,13.4899997711,13.1599998474,0.0790000036,15.3199996948,12.8800001144,13.1400003433
2015-10-01T21:55:00-04:56,12.4600000381,79.5,1.3930000067,30.9300003052,2.3399999142,0,12.5100002289,15.720000267,12.7399997711,0,0,0.3249999881,15.5900001526,13.4899997711,13.1499996185,0.0790000036,15.3100004196,12.8800001144,13.1400003433
2015-10-01T22:00:00-04:56,12.4899997711,79.2900009155,1.3930000067,56.1100006104,2.507999897,0,12.5,15.7100000381,12.7399997711,0,0,0.3249999881,15.5799999237,13.4899997711,13.1499996185,0.0790000036,15.3000001907,12.8800001144,13.1400003433
2015-10-01T22:05:00-04:56,12.4600000381,79.1999969482,1.3930000067,35.2799987793,2.2200000286,0,12.5,15.7100000381,12.7399997711,0,0,0.3249999881,15.5799999237,13.4899997711,13.1499996185,0.0790000036,15.2899999619,12.8800001144,13.1400003433
2015-10-01T22:10:00-04:56,12.5200004578,78.4700012207,1.3930000067,44.6100006104,2.8949999809,0,12.4899997711,15.7100000381,12.7399997711,0,0,0.326000005,15.5600004196,13.4899997711,13.1499996185,0.0799999982,15.279999733,12.8800001144,13.1400003433
2015-10-01T22:15:00-04:56,12.5600004196,78.0899963379,1.3930000067,47.7900009155,2.6129999161,0,12.4899997711,15.7100000381,12.7700004578,0,0,0.326000005,15.5399999619,13.470000267,13.1499996185,0.0799999982,15.2600002289,12.8800001144,13.1400003433
2015-10-01T22:20:00-04:56,12.5200004578,78.9899978638,1.39199996,52.4700012207,2.6830000877,0,12.3999996185,15.7100000381,12.7700004578,0,0,0.3249999881,15.529999733,13.470000267,13.1400003433,0.0799999982,15.2600002289,12.8800001144,13.1300001144
2015-10-01T22:25:00-04:56,12.4799995422,78.0400009155,1.39199996,51.0800018311,2.5499999523,0,12.5,15.7100000381,12.7700004578,0.2540000081,0,0.3249999881,15.5200004578,13.470000267,13.1400003433,0.0799999982,15.25,12.8800001144,13.1300001144
2015-10-01T22:30:00-04:56,12.4799995422,78.5400009155,1.39199996,15.9899997711,2.7430000305,0,12.4899997711,15.7100000381,12.7700004578,0,0,0.3249999881,15.5100002289,13.470000267,13.1300001144,0.0799999982,15.2399997711,12.8800001144,13.1300001144
2015-10-01T22:35:00-04:56,12.4799995422,77.3000030518,1.39199996,24.9799995422,2.7980000973,0,12.5,15.7100000381,12.7700004578,0,0,0.3249999881,15.5,13.470000267,13.1199998856,0.0799999982,15.2299995422,12.8800001144,13.1300001144
